submission_date,song_title,artist_name,submitted_by,rater_name,rating_score,notes
2026-01-10,Superstition,Stevie Wonder,Izaac,Alex,9,Classic groove.
2026-01-10,Higher Ground,Stevie Wonder,Alex,Izaac,8,Great clavinet riff.
2026-01-17,Dreams - 2004 Remaster,Fleetwood Mac,Izaac,Alex,10,Timeless.
2026-01-17,Go Your Own Way,Fleetwood Mac,Alex,Izaac,7,Good but overplayed.
2026-01-24,Blinding Lights,The Weeknd,Izaac,Alex,6,A bit repetitive for me.
2026-01-24,Starboy feat. Daft Punk,The Weeknd,Alex,Izaac,9,Love the production.
2026-02-01,Hotel California,Eagles,Izaac,Alex,8,Great guitar solo at the end.
2026-02-01,Sultans of Swing,Dire Straits,Alex,Izaac,10,Mark Knopfler is unbelievable.
2026-02-08,Bohemian Rhapsody,Queen,Izaac,Alex,9,Pure drama.
2026-02-08,Don't Stop Me Now,Queen,Alex,Izaac,9,High energy track.